Aberdeen - Queens Links,"Queens Link Leisure Park, Links Rd, Aberdeen AB24 5EN"
Aberdeen - Union Square,"Union Square, Guild St, Aberdeen AB11 5RG"
Aldershot,"Westgate, Unit 5 Princes Way, Aldershot GU11 1WG"
Ashford,"Eureka Entertainment Centre, Rutherford Rd, Ashford TN25 4BN"
Ashton-under-Lyne,"Fold Way, Ashton Mass Leisure Park, Lord Sheldon Way, Ashton-under-Lyne OL7 0PG"
Basildon,"Festival Way, Festival Leisure Park, Basildon SS14 3WB"
Bedford,"Aspects Leisure Park, Newnham Ave, Bedford MK41 9LN"
Belfast,"The Odyssey Arena, 2 Queens Quay, Belfast BT3 9QQ"
Birmingham - Broad Street,"181 Broad St, Birmingham B15 1DA"
Birmingham - NEC,"Resorts World, Pendigo Way, Marston Green, Birmingham B40 1PU"
Boldon Tyne and Wear,"Boldon Leisure Park, Abingdon Way, Boldon Colliery NE35 9PB"
Bolton,"The Valley, 15 Eagley Brook Way, Bolton BL1 8TS"
Bracknell,"2 Eagle Ln, Bracknell RG12 1BG"
Bradford,"Leisure Exchange, Vicar Ln, Bradford BD1 5LD"
Braintree,"Freeport Leisure, Charter Way, Braintree CM77 8YH"
Brighton,"Brighton Marina, Brighton and Hove, Brighton BN2 5UF"
Bristol,"Hengrove Leisure Park, Hengrove Way, Bristol BS14 0HR"
Broughton,"Broughton shopping park, Chester Rd, Broughton, Bretton, Chester CH4 0DE"
Burton upon Trent,"Middleway Retail Park Guild Street, Burton-on-Trent DE14 1NQ"
Bury St Edmunds,"Parkway, Bury Saint Edmunds IP33 3BA"
Cardiff,"Mary Ann St, Cardiff CF10 2EN"
Castleford,"Xscape, Colorado Way, Castleford WF10 4TA"
Cheltenham,"The Brewery Quarter, Oxford Passage, St Margaret's Rd, Cheltenham GL50 4FA"
Chichester,"Chichester Gate, Chichester PO19 8EL"
Crawley,"Crawley Leisure Park, London Rd, Crawley RH10 8LR"
Dalton Park,"Dalton Park, Murton, Seaham SR7 9HU"
Didcot,"27 Station Rd, Didcot OX11 7NE"
Didsbury,"Parrs Wood Entertainment Centre, Wilmslow Rd, Didsbury, Manchester M20 5PG"
Dover,"Unit 1, St James Retail & Leisure Park, St James St, Dover CT16 1QD"
Dundee,"Camperdown Leisure Park, Kingsway W, Dundee DD2 4TF"
Eastbourne at The Beacon,"The Beacon Shopping Centre, 37 Terminus Rd, Eastbourne BN21 3NW"
Edinburgh,"130/3 Dundee St, Edinburgh EH11 1AF"
Ely,"Leisure Village, Downham Rd, Ely CB6 2WH"
Falkirk,"Central Retail Park, Old Bison, Falkirk FK1 1LW"
Glasgow - Parkhead,"1221 Gallowgate, Parkhead, Glasgow G31 4EB"
Glasgow - Renfrew Street,"7 Renfrew St, Glasgow G2 3AB"
Glasgow - Silverburn,"Silverburn Shopping Centre, 763 Barrhead Rd, Glasgow G53 6AG"
Gloucester Quays,"Quays Outlet Centre, Merchants' Rd, Gloucester GL1 5SH"
Harlow - Harvey Centre,"Harvey Shopping Centre, Harlow CM20 1XR"
Harlow - Queensgate,"The Queensgate Centre, Edinburgh Way, Harlow CM20 2DA"
Haverhill,"Ehringshausen Way, Haverhill CB9 0ER"
Hemel Hempstead,"Jarman Park, Hemel Hempstead HP2 4JW"
High Wycombe,"Denmark St, High Wycombe HP11 2DB"
Hinckley,"The Crescent, Station Rd, Hinckley LE10 1AW"
Hull,"Kingswood Retail Park, Gibraltar Rd, Hull HU7 3DB"
Huntingdon,"Tower Fields, Abbots Ripton Rd, Sapley, Huntingdon PE29 7EG"
Ipswich,"Cardinal Park, 11 Grafton Way, Ipswich IP1 1AX"
Jersey,"Waterfront Centre La, Rue de L'etau, JE2 4HE, Jersey"
Leeds - White Rose,"Dewsbury Rd, Leeds LS11 8LU"
Leigh,"The Loom, Spinning Jenny Wy, Leigh WN7 4PE"
Llandudno,"Leisure Park, Junction Way, Llandudno Junction LL31 9XX"
London - Bexleyheath,"28-70 Broadway, Bexleyheath DA6 7LL"
London - Enfield,"Southbury Leisure Centre, 208 Southbury Rd, Enfield EN1 1YQ"
London - Feltham,"Leisure west, Air Park Way, Feltham TW13 7LX"
London - Ilford,"92-114 Clements Rd, Ilford IG1 1BP"
London - The O2 Greenwich,"The O2, Peninsula Square, London SE10 0DX"
London - Wandsworth,"Southside Shopping Centre, Wandsworth High St, London SW18 4TF"
London - Wembley,"Designer Outlet, London, Wembley Park Blvd, Wembley HA9 0FD"
London - West India Quay,"West India Quay, Hertsmere Rd, London E14 4AL"
London - Wood Green,"The Mall, High Rd, London N22 6LU"
Loughborough,"Baxter Gate, Old Hospital Ct, Loughborough LE11 1TH"
Luton,"The White House, Bridge St, Luton LU1 2NB"
Middlesbrough,"Leisure Park, Marton Rd, Middlesbrough TS1 2DY"
Milton Keynes,"Xscape, 602 Marlborough Gate, Milton Keynes MK9 3XS"
Newcastle upon Tyne,"The Gate, Newgate St, Newcastle upon Tyne NE1 5TG"
Newport - Friars Walk,"Friars Walk Shopping Centre, Usk Plz, Newport NP20 1DS"
Newport - Isle of Wight,"Cineworld Cinema, Coppins Bridge, Newport PO30 2TA"
Newport - Spytty Park,"Spytty Rd, Newport NP19 4QQ"
Northampton,"Sixfields Leisure, Weedon Rd, Northampton NN5 5QJ"
Nottingham,"29 Forman St, Nottingham NG1 4AA"
Plymouth,"Unit 17, 11 Bretonside, Plymouth PL4 0FE"
Poole,"Tower Retail Park, Poole BH12 4NY"
Rochester,"Medway Valley Lesiure Park, Chariot Way, Rochester ME2 2SS"
Rugby,"Junction One, Leicester Rd, Rugby CV21 1RW"
Runcorn,"Trident Retail Park, Halton Lea, Palacefields, Runcorn WA7 2FQ"
Rushden Lakes,"Unit 16 Northampton Rd, West Terrace, Rushden NN10 6FA"
Sheffield,"Broughton Ln, Sheffield S9 2EP"
Shrewsbury,"Old Potts Way, Shrewsbury SY3 7ET"
Solihull,"47 Homer Rd, Solihull B91 3QW"
Speke,"New Mersey Retail Park Speke, New Mersey Retail Park, Speke Rd, Speke, Liverpool L24 8QB"
Stevenage,"Stevenage Leisure Park, Kings Way, Stevenage SG1 2UA"
St Helens,"Chalon Way W, Saint Helens WA10 1BF"
St Neots,"The Rowley Arts Centre, Huntingdon St, Saint Neots PE19 1BH"
Stoke-on-Trent,"City Centre, Quadrant Rd, Hanley, Stoke-on-Trent ST1 1PS"
Swindon - Regent Circus,"11 Victoria Rd, Swindon SN1 1FA"
Swindon - Shaw Ridge,"Whitehill Way, Shaw Ridge Leisure Park, Swindon SN5 7DN"
Telford,"Southwater Square, Telford TF3 4HS"
Wakefield,"Westgate Retail & Lesuire Westgate Retail & Leisure Park, Colinsway, Wakefield WF2 9SH"
Warrington,"Time Square Unit 8, Warrington WA1 2LH"
Watford,"Charter Pl, Watford WD17 2DJ"
Weston-super-Mare,"Dolphin Square, 7 Central Walk, Weston-super-Mare BS23 1FF"
Weymouth,"New Bond St, Weymouth DT4 8LY"
Whiteley,"Whiteley Shopping Centre, Whiteley Wy., Whiteley, Fareham PO15 7PD"
Witney,"Unit L3, Marriotts Walk, Witney OX28 6GW"
Wolverhampton,"Bentley Bridge Park, Wednesfield Wy, Wolverhampton WV11 1TZ"
Yate,"11 Link Rd, Yate, Bristol BS37 4AY"
Yeovil,"Yeo Leisure Park, Old Station Way, Yeovil BA20 1NP"
